"p-value","sample1.q8_experience_general","sample1.q9_experience_java","sample1.q10_expertise_general","sample1.q11_expertise_java","sample1.q16_age"
"sample1.q8_experience_general",,"0.000546678600047645","6.78284362010118e-09","0.712049472704689","2.57571741713036e-14"
"sample1.q9_experience_java","0.000546678600047645",,"0.0164622002574744","0","0.219490858782156"
"sample1.q10_expertise_general","6.78284362010118e-09","0.0164622002574744",,"0.00148792764321604","0.0027791451796888"
"sample1.q11_expertise_java","0.712049472704689","0","0.00148792764321604",,"0.418686030271385"
"sample1.q16_age","2.57571741713036e-14","0.219490858782156","0.0027791451796888","0.418686030271385",
