"Spearman","sample3.q1_experience_general","sample3.q2_experience_java","sample3.q3_expertise_general","sample3.q4_expertise_java","sample3.q16_age"
"sample3.q1_experience_general","1","0.0755279922346249","0.0405161705993089","0.0216258679282552","0.29563206458972"
"sample3.q2_experience_java","0.0755279922346249","1","0.168443602818503","0.886701419679146","-0.193924150759519"
"sample3.q3_expertise_general","0.0405161705993089","0.168443602818503","1","0.273930555824665","-0.180461783483706"
"sample3.q4_expertise_java","0.0216258679282552","0.886701419679146","0.273930555824665","1","-0.240797331738978"
"sample3.q16_age","0.29563206458972","-0.193924150759519","-0.180461783483706","-0.240797331738978","1"
