"Spearman","sample1.q8_experience_general","sample1.q9_experience_java","sample1.q10_expertise_general","sample1.q11_expertise_java","sample1.q16_age"
"sample1.q8_experience_general","1","0.308469366845935","0.495029217444456","0.0337551625254798","0.632623959705974"
"sample1.q9_experience_java","0.308469366845935","1","0.216792981739945","0.777065912916769","0.114872290940197"
"sample1.q10_expertise_general","0.495029217444456","0.216792981739945","1","0.284592234815177","0.275316339064569"
"sample1.q11_expertise_java","0.0337551625254798","0.777065912916769","0.284592234815177","1","-0.0757989561109361"
"sample1.q16_age","0.632623959705974","0.114872290940197","0.275316339064569","-0.0757989561109361","1"
