"p-value","sample3.q1_experience_general","sample3.q2_experience_java","sample3.q3_expertise_general","sample3.q4_expertise_java","sample3.q16_age"
"sample3.q1_experience_general",,"0.489467070663843","0.711095228275954","0.843327922431633","0.00632909315620811"
"sample3.q2_experience_java","0.489467070663843",,"0.121063822230425","0","0.0771389686912833"
"sample3.q3_expertise_general","0.711095228275954","0.121063822230425",,"0.0107053486252386","0.10044631057415"
"sample3.q4_expertise_java","0.843327922431633","0","0.0107053486252386",,"0.0273524452406753"
"sample3.q16_age","0.00632909315620811","0.0771389686912833","0.10044631057415","0.0273524452406753",
