"Spearman","sample2.q1_experience_general","sample2.q2_experience_java","sample2.q3_expertise_general","sample2.q4_expertise_java","sample2.q16_age"
"sample2.q1_experience_general","1","0.774248242460636","0.673995416993624","0.549130072188849","0.825438840270189"
"sample2.q2_experience_java","0.774248242460636","1","0.562226080711408","0.758552618285404","0.66348099649332"
"sample2.q3_expertise_general","0.673995416993624","0.562226080711408","1","0.680869705366647","0.646468849413342"
"sample2.q4_expertise_java","0.549130072188849","0.758552618285404","0.680869705366647","1","0.569079228252787"
"sample2.q16_age","0.825438840270189","0.66348099649332","0.646468849413342","0.569079228252787","1"
