"Sample","N","AgeMean","AgeSD","AgeMedian","WorkTimeMean","WorkTimeSD","WorkTimeMedian","GeneralExperienceMean","GeneralExperienceMedian","JavaExperienceMean","JavaExperienceMedian","GeneralExpertiseMean","GeneralExpertiseMedian","JavaExpertiseMean","JavaExpertiseMedian"
1,122,30.4396551724138,6.36059717336345,29,70.2148760330578,26.3486895978941,80,11.8360655737705,10,4.95901639344262,3.5,4.82786885245902,5,3.63934426229508,4
2,127,31.5798319327731,10.0029621022461,30,69.515873015873,26.4417046733327,80,12.748031496063,10,7.55905511811024,6,4.78740157480315,5,4.40944881889764,5
3,86,59.9047619047619,4.94212053316331,59,68.1744186046512,31.9739569982915,80,34.0581395348837,35,5.65116279069767,1.5,5.25581395348837,5,2.82558139534884,2
